id,name,taxon
Acciaiuoli,Acciaiuoli,Bats
Albizzi,Albizzi,Bats
Barbadori,Barbadori,Bats
Guadagni,Guadagni,Bats
Bischeri,Bischeri,Bats
Castellani,Castellani,Bats
Ginori,Ginori,Plants
Ridolfi,Ridolfi,Plants
Lamberteschi,Lamberteschi,Plants
Medici,Medici,Plants
Pazzi,Pazzi,Bats
Peruzzi,Peruzzi,Bats
Salviati,Salviati,Bats
Strozzi,Strozzi,Bats
Tornabuoni,Tornabuoni,Plants